,#songs query,songs
0,0,[]
1,0,[]
2,0,[]
3,1,[u'Psychoacoustic Soundclash- Biopsychic Resonator (Remix)']
4,0,[]
5,1,[u'Fading Colours- Lunatic - Teil 8']
6,0,[]
7,0,[]
8,2,"[u'Steven Osborne- 48 Esquisses, Op 63: Book 1 No 11: Les soupirs', u'Neue Vocalsolisten Stuttgart- Sein als Einspruch']"
9,0,[]
10,3,"[u'Ceasar K- Heavy Dose (Bonus Loop)', u'APPART- Part 7 Silence', u'Brythoniaid Male Voice Choir- Myfanwy']"
11,1,[u'Mendelssohn - Vienna Festival Orchestra- Fruhlingslied']
12,0,[]
13,0,[]
14,1,[u'Kryp Kikka Five- Wake Up']
15,2,"[u'Synkro- She Said (feat. Versa)', u'Mark Townsend- Vida Interlude']"
16,0,[]
17,0,[]
18,3,"[u'Dog Age- She Grows Something In The Sky', u'Andy Redmond- Flowers Of The Forest (Solo Piper)', u'John Zorn- Angelus Novus Peshat']"
19,1,[u'Philip Glass- PART TWO  Song #15  Father Death Blues']
20,3,"[u'Wellenfeld- Slow Fall', u'Dj Drop- Maple Leaf', u'Philippe Sarde- Pas Demain... Pas Demain...']"
21,5,"[u'JLS- Hallelujah', u'Westminster Cathedral Choir- Symphony of Psalms: II. Psalm 40', u'Carl Meyerling- Prelude And Fugue In C Major', u'Wiener Philharmoniker- 3. Lento assai, cantante e tranquillo', u'Joan Edwards- When the Lights Go on Again ( All over the World)']"
22,1,"[u'Claudio Scimone- La Caduta di Adamo : Part 2 ""Signor, nell\'ira tua pietoso e giusto"" [Adamo]']"
23,1,[u'Rani Verma- Chapha Baee Chapha']
24,3,"[u'BEZZY- Get That Money', u'Gastspieltheater Z\xfcrich- Isch das n\xf6d e feini Turte...', u'Y.N. Sharma- Sri Lakshmee Sahasranaamaavali - Cont']"
25,5,"[u'Sea Weed- Madmen All Around', u'Vaylon- The Boulevard', u'Sea Weed- Shy Guy', u'Monteverdi Choir- 3. Sequentia: Lacrimosa', u'Gabriela Demeterova- Lascia: Lascia']"
26,4,"[u'Bear Hands- What A Drag - Cale Parks Remix', u'Ernesto Molinari- Anubis-Nout: II. Nout', u'SD- Wie Es Geht (Instrumental)', u'Bill Warner- Reading']"
27,3,"[u'Wilhelm Keitel- Adina ovvero Il Califfo Di Bagdad/Oh, sconoscente Adina', u""Christelijk Gemengde Zangvereniging 'Immanuel' Rhenen- Ik zie een poort wijd open staan (remastered 2006)"", u'Various Artists- Interlude (Original version)']"
28,0,[]
29,5,"[u'Philthkids- Mo Fiyah', u'Spanish TV Band- So\xf1ar Es Desear, Children Song', u'Kenny Wright- A Bass Thing tapped plus percussion', u'Bass Mekanik- Pink Noise 20-20KHz', u""A-Type Player- Bess, Oh Where's My Bess? (Karaoke Version) [from the Musical Pippin]""]"
30,2,"[u'Daman Mahl- Bharya Mela', u'The Giannini Brass- 151 A, Passiontide']"
31,3,"[u'Standeg- Humanity', u'Lezet- komshinkine prijateljice sest', u'Wesly Two Eagles- Amazing Grace']"
32,3,"[u'Nikole- Letter of Love', u'West Side Sound Effects- Stereo Cd Player Cd Drawer Open Close Clicking Sound Effects EFX SFX FX Electronics CD Players', u'Cultured Sound- Paganini Polonaise']"
33,4,"[u'Umod- What Melody', u'Ojan Septet- Seconde Naissance (Part II)', u'Geshe Kelsang Gyatso- The Actual Meditation on Renunciation', u'Sri Vidyabhushana Thirtha Swami- Ninnane Paaduve (ugabhoga)']"
34,2,"[u'Dj Drop- Treat Tricks', u'Goyo- for Dilla']"
35,4,"[u'Larva- Madre', u'Roland Raemy- Vishuddha - Blue', u'Kentin Jivek- There Is A Time', u'Riccardo Villani- Symphony in F major, J-C 38: II. Andante']"
36,4,"[u'Scuba- Bleach', u'Rococo- When The Leaves Turn Into Fall', u'Isaac Stern- Adagio for Violin and Orchestra in E Major, K. 261', u'Wobbelix- No Reason (Original Mix)']"
37,1,[u'Pinaki- Happy New Year']
38,4,"[u'Discovery- Ufo alien', u'Mr. Manly- Frenchie and the Chunnel', u'Shin Chul- Beer And Peanuts', u'Juan Valladares- Sin hablar nos entendemos']"
39,4,"[u'Fritz Wunderlich/Josef Traxel/Dietrich Fischer-Dieskau/Lisa Otto/Karl Christian Kohn/Chor der St. Hedwigs-Kathedrale Berlin/Berliner Symphoniker/Karl Forster- St. John Passion BWV 245 (Johannes-Passion), Second Part: Er nahm alles wohl in acht (Nr.56: Choral)', u'Lupic\xednio Rodrigues- Nunca', u""Jim Weiss- Mermaids' Lagoon"", u'Aki Takahashi- Sonate No. 3 - II: Con Dolcezza']"
40,15,"[u'Jenifa Mayanja- Unknown', u'Electronic Project- Dance!', u'Vintervila- Kapittel 3 - Ensomhet', u'Paul Dateh- Ultraman No Uta', u'Chiara robiony & the axcess- Monday you leave me (Night Time Mix)', u'EMI Presents- The Greenwich Astronomical Observatory', u'Workout Music Factory- Justice', u'Velvet Universe- The Black Corridor', u'Lezet- ""Soft Snow"" by William Blake', u'Foretaste- Black Fever (Berlin Ny Night)']"
41,2,"[u'Emanuele Errante- Inner', u'The Flaming Lips- 10 Agonizing']"
42,5,"[u'Radioactive Goldfish- Phobia (Latin For Fear)', u'Kinder H\xf6rspiel- The Chatter Mice - Track 19', u'Dr. Arnd Stein- Mit guter Laune in den Tag', u'Pimsleur- hait03', u'Bill Schaeffer- Inter-dimensional Phase Slip']"
43,9,"[u""Paul Robeson- Plaisir D'amour (2008 Digital Remaster)"", u'Ada- Sensizken Hayallerim Vard\u0131 Benim', u'Acid Elf- Korgthern Lights', u'Music Themes Group- Angels We Have Heard On High', u""Siberian Voice- Degradation (Domshe's Synth Tool)"", u'The Generations- Both Sides Now', u'Robert Schumann- 1. Allegro Affettuoso: 1. Allegro Affettuoso', u'Eduard Steuermann- M\xe4\xdfig', u'Various Artists- Sri Kubera']"
44,15,"[u'Echo Vacio- Treinta (Bass Tool)', u'Cashtime Fam- Number 1 (feat. Molly)', u'Maido Project- Prairie', u'V.R. Varadarajan- Navagraha Kavasam', u'Model- Provocative', u'Wajiha- Police', u'Friedhelm Flamme- Le chemin de la croix (The Stations of the Cross), Op. 29: Station IX: Jesus tombe pour la troisieme fois (Jesus falls a third time)', u'Jamey Aebersold Play-A-Long- September In The Rain', u'Jason Randolph- Mint', u'Amine Edge- Cruz Avenue (Clap-A-Pella Mix)']"
45,15,"[u'Deicide- Conviction', u'Katatonia- One Year From Now', u'Backstreet Boys- Everything But Mine', u'Pappo- Buscando Un Amor', u'Standing Egg- Little Star (Inst.)', u'Yves Montand- Du Soleil plein la t\xeate', u'Piano Tribute Players- Stay', u'Twinkle Twinkle Little Rock Star- Girls Just Wanna Have Fun', u""Tim Deluxe- It Just Won't Do (Full Loop Tool)"", u'Ivan Perez- Piano']"
46,15,"[u'Ghost B.C.- Jigolo Har Megiddo', u""Anita O'Day- The Man I Love"", u'Jill Johnson- Crazy in Love', u'Silbermond- So wie jetzt', u'Kaisa- Kinda an der Macht', u""Steve Vai- K'm Pee-Du-We"", u'Bobby Pulido- Amo', u'Sarah Lee Guthrie & Johnny Irion- Probably Gone', u'Luke Abbott- Without Aim', u'Rockabye Baby!- Piggy']"
47,15,"[u""Alcest- Sur L'Oc\xe9an Couleur De Fer"", u'Howard Shore- A Good Omen', u'Jason Michael Carroll- Hurry Home', u""Every Avenue- I Can't Not Love You"", u'Nico Vega- Medicine Man', u'God Module- Sections', u'Jacky Cheung- Yi Qian Ge Shang Xin De Li You', u'Marian McPartland- There Will Never Be Another You', u'Delta Goodrem- Together We Are One', u'Renaissance- Midas Man (Disc 1 - Digitally Remastered Version)']"
48,15,"[u'The American Dollar- As We Float (Ambient)', u'VMusic- Toi Yeu Thanh Pho Toi', u""One Night Only- It's About Time"", u'Miles Davis- It Ain`t Necessarily So', u'Mere Mortals- Solar Flares', u'Fred Hersch- Black Is the Color/Theme from ""Spartacus""', u'B\xf6hse Onkelz- Das Wunder der Pers\xf6nlichkeit', u'Krafty Kuts- Feel Like Jumpin (feat. Marcia Griffiths)', u'The Charlatans- Intimacy (Early Version)', u'Mark Mallman- Executioner']"
49,15,"[u'Lianne La Havas- No Room For Doubt (feat. Willy Mason)', u'Harry Connick, Jr.- Recipe For Love', u'Nashville Cast- When The Right One Comes Along', u'Broadcast- You And Me In Time', u'Michael Learns to Rock- The Ghost Of You', u""People in Planes- Mayday (M'aidez)"", u'Alicia Keys- Every Little Bit Hurts', u'Blue System- Taxi Girl', u'Gap Dream- Cover it Up', u'Smokey Robinson- Holly']"
50,15,"[u'Joel Compass- Astronaut', u'Margaret Whiting- Moonlight in Vermont', u'Gudda Gudda- Bad Bitches', u'Killa C- Angels & Demons', u""Jeannie Seely- Don't Touch Me (Live)"", u'Greg Laswell- Salvation Dear', u'Ishq- Aphrodite', u'Josh Schroeder- Two Worlds Collide', u'\u0110\xe0m V\u0129nh H\u01b0ng- Dung thuong toi', u'DJ Fresh- Forever More']"
51,15,"[u'Dream Theater- The Answer Lies Within', u""Sanctus Real- I'm Not Alright"", u'Testament- Powerslave', u'Bombay Dub Orchestra- Amina', u'Kstylis- Booty Hopscotch', u'Cocoa Tea- Tune In', u'Phoria- Red', u'Athlete- Tokyo', u'Lily Kershaw- Promised Land', u'Throwdown- Venom & Tears']"
52,15,"[u'Toro Y Moi- So Many Details', u'Ellie Goulding- Guns And Horses', u'Janelle Mon\xe1e- Givin Em What They Love [feat. Prince]', u'Kreator- Violent Revolution', u'Sergio Dalma- Bailar Pegados', u'Dale Hawkins- Susie Q', u'Strung Out- Blueprint of the Fall', u'Deep Forest- Pacifique', u'Michal David- Nenapovidej', u'Trailer Trash Tracys- Turkish Heights']"
53,15,"[u'The Civil Wars- The One That Got Away', u'Shawn McDonald- Rise', u'Pancho Barraza- Amor Que Mata', u'Tangerine Dream- A Bit Of An Awkward Situation', u'Ania Wyszkoni- W calosc ulozysz mnie', u""Tomer Yosef- Don't Fly Away"", u'Ter\xe4sbetoni- Gloria', u'Tangarine- White of the World', u'Filteria- Illogical Logic', u""Pinch- Punisher (Loefah's SE25 Remix)""]"
54,15,"[u'Justin Timberlake- Cry Me A River', u""3 Doors Down- When I'm Gone"", u'Trey Songz- Bottoms Up (feat. Nicki Minaj)', u'Hawthorne Heights- Ohio Is for Lovers', u'John Lennon- How?', u'Kargo- Beni B\u0131rakma', u""Le Roi Soleil- Tant Qu'On R\xeave Encore"", u'Gasellit- 2006', u'Leonardo- Era S\xf3 Pra Ficar', u""The Radio Dept.- Where Damage Isn't Already Done""]"
55,15,"[u'Lil Wayne- My Homies Still (Explicit)', u'Machine Drum- Center Your Love', u'Casper- 20qm', u'City and Colour- As Much as I ever Could', u'Confederate Railroad- Trashy Women', u'Johnny Hollow- Worse Things', u'Zucchero- Il Volo', u'Scooter- Jumping All Over The World', u'Finntroll- Grottans Barn', u'Atmosphere- Bob Seger']"
56,15,"[u'Five Finger Death Punch- Under And Over It', u'Pearl Jam- Infallible', u'Justin Timberlake- What Goes Around... Comes Around', u'Weezer- Memories', u'Claudio Baglioni- Mille Giorni Di Me E Di Te', u'Eva Cassidy- What A Wonderful World', u'McFly- Love Is Easy', u'Justin Timberlake- What Goes Around...Comes Around (Radio Edit)', u'UNKLE- With You In My Head', u'Marika- Moje Serce']"
57,15,"[u'Judas Priest- Turbo Lover', u'Basement Jaxx- Good Luck', u'Skillet- Forgiven', u'The Ting Tings- Keep Your Head', u'Daughtry- Breakdown', u'Porcupine Tree- .3', u'Archive- Sleep', u'Lord Of The Lost- Die Tomorrow', u'Hinder- Freakshow', u'Lettuce- Madison Square']"
58,15,"[u'The Band Perry- Better Dig Two', u'Incubus- Love Hurts', u'Beyonc\xe9- Ego', u'Thomas Rhett- Beer With Jesus', u'Deftones- Poltergeist', u'Luis Fonsi- Nada Es Para Siempre', u'Stereophonics- Violins and Tambourines', u'Three Days Grace- The Chain', u'Chelo- Dos Gotas De Agua', u'Diana Ross- When You Tell Me That You Love Me']"
59,15,"[u'Banks- Before I Ever Met You', u'Taylor Swift- Today Was A Fairytale', u'myGrain- Cataclysm Child', u""The Beach Boys- Surfin' Safari"", u'\u0411\u0430\u0441\u0442\u0430- ???? ??????', u'Death Cab for Cutie- All is Full of Love', u'For All Those Sleeping- One Kiss', u'\u80e1\u590f- \u90a3\u4e9b\u5e74', u'The Scene Aesthetic- Come What May', u'Macklemore & Ryan Lewis- Vipassana (Ryan Lewis Remix)']"
60,15,"[u""Adele- I'll Be Waiting"", u'Angus Stone- Broken Brights', u'Alien Ant Farm- These Days', u'Asking Alexandria- A Lesson Never Learned', u'Sisq\xf3- Incomplete', u'My Darkest Days- Porn Star Dancing', u'Megadeth- Sudden Death', u'Mike Jones- Back Then', u'Kataklysm- Taking The World By Storm', u""Jars of Clay- I'll Fly Away""]"
61,15,"[u'Alabama- Song Of The South', u'Jason Der\xfclo- Pick Up The Pieces (feat. Louisy Joseph)', u'Ryan Leslie- Ups & Downs', u""T.I.- 24's"", u'Leo Dan- Tu Llegaste Cuando Menos Te Esperaba', u'Little Richard- True Fine Mama', u'Hunter Valentine- Liar Liar', u'HammerFall- The Metal Age', u'Tally Hall- Greener', u'Paul Robeson- Swing Low, Sweet Chariot']"
62,15,"[u'Fuel- Falls On Me', u'Thriving Ivory- Flowers for a Ghost', u'Clueso- Chicago', u'Miles Davis- Milestones', u'Eagles- Hole In The World', u'Gary Numan- Haunted', u'Decyfer Down- Best I Can', u'Alela Diane- Lost Land', u'Nightwish- Whoever Brings The Night', u'Tierra Cali- Mi Quincea\xf1era']"
63,15,"[u""Jane's Addiction- Mountain Song ( LP Version )"", u'The Story So Far- Right Here', u'Banda Los Recoditos- Ando Bien Pedo', u'Air Supply- Lonely Is The Night', u'Gary Clark, Jr.- When My Train Pulls In', u'Rage Against the Machine- Year Of Tha Boomerang', u'Matthew Dear- Earthforms', u'Peace- Sugarstone', u'IAMX- Mercy', u""Edi Rock- That's My Way""]"
64,15,"[u'Gorillaz- Clint Eastwood', u'Scandal- Shunkan Sentimental', u'3OH!3- Touchin On My', u'Stacey Kent- What a Wonderful World', u'Edguy- Mysteria', u'Jupiter Jones- ImmerF\xfcrImmer', u""John Legend- Maxine's Interlude"", u'311- Hey You', u'The Knife- The Height Of Summer', u'Easy Star All-Stars- One Likkle Draw (Feat. Junior Jazz and Daddy Lion Chandell)']"
65,15,"[u'Lana Del Rey- National Anthem', u'Washed Out- You and I', u'Juanes- Volverte A Ver', u'Craig David- Walking Away [Feat. Monrose]', u'Buena Vista Social Club- El Carretero', u'Keith Urban- For You', u'Miley Cyrus- I Miss You', u'The Love Language- Calm Down', u'Savage Garden- Affirmation', u'Bonaparte- Too Much']"
66,15,"[u'Hombres G- Devuelveme A Mi Chica', u'Snoop Lion- Smoke the Weed', u""The Beatles- Can't Buy Me Love"", u'Bj\xf6rk- Army of Me', u'Breathe- Hands To Heaven', u'Peter Andre- Mysterious Girl', u'Martina Topley-Bird- Sandpaper Kisses', u'La Fouine feat Zaho- Ma meilleure', u'La Fouine feat Zaho- Ma meilleure', u'Matt & Kim- Good For Great']"
67,15,"[u'Joni Mitchell- Big Yellow Taxi', u'U2- Original Of The Species (Single Version)', u'Sean Paul- Hold My Hand', u'Iron & Wine- Singers and the Endless Song', u'The Academy Is...- Everything We Had', u'Negrita- Magnolia', u""De Staat- Devil's Blood"", u'Wolfmother- Sundial', u'Katie Melua- My Aphrodisiac Is You', u'Ximena Sari\xf1ana- Different']"
68,15,"[u'Tegan and Sara- I Was A Fool', u'Kurt Vile- Shame Chamber', u""Norah Jones- She's 22"", u'Charlie Brown Jr.- Hoje Sou Eu Que N\xe3o Mais Te Quero', u'Lapalux- Guuurl', u'Gary Valenciano- Lift Up Your Hands', u'Sarah McLachlan- Good Enough (Album Version)', u'Andain- Much Too Much', u'Ssion- High', u'Major Lazer- Get Free (feat. Amber of Dirty Projectors) [What So Not Remix]']"
69,15,"[u""3LW- No More (Baby I'ma Do Right)"", u'Our Lady Peace- Innocent', u'Mamonas Assassinas- L\xe1 Vem O Alem\xe3o', u'Terror- Return To Strength', u'All Time Low- Get Down On Your Knees And Tell Me You Love Me', u'Juvenile- In My Life', u'The Rasmus- Save Me Once Again', u'Blakroc- Why Can\u2019t I Forget Him', u'Elvis Presley- Bridge over Troubled Water', u'YUI- fight']"
70,15,"[u'Disturbed- Indestructible', u'Metric- Gold Guns Girls', u'Vicci Martinez- Come Along', u'The Head and the Heart- Cats And Dogs', u'The All-American Rejects- The Last Song', u'Jamie Foxx- Winner', u'Black Tide- Walking Dead Man', u'Carpenters- Close To You', u'Hot Chelle Rae- Keep You With Me', u'Jota Quest- Mais Uma Vez']"
71,15,"[u'Secondhand Serenade- Maybe', u'Nas- Street Dreams', u'Air- Universal Traveler', u'Dire Straits- Twisting By The Pool', u'Patrick Wolf- Bluebells', u'Gwen McCrae- Rockin Chair', u'Carrie Underwood- Play On', u'Amber Pacific- The Sky Could Fall Tonight', u'Tarkan- Sikidim (Hepsi Senin Mi?)', u'Matt Hires- A To B']"
72,15,"[u'The Champs- Tequila', u""Cherry Poppin' Daddies- Zoot Suit Riot"", u'Letlive- The Sick, Sick, 6.8 Billion', u'Lionel Richie- I Call It Love', u'Lost Boyz- Renee', u'Turbonegro- I Got A Knife', u'Silverstein- Burning Hearts', u'Firehouse- Here For You', u'Bayside- Devotion and Desire', u'Galy Galiano- La Cita']"
73,15,"[u'Yppah- Never Mess With Sunday', u'Iced Earth- Dystopia', u'Kelis- Caught Out There', u'My Chemical Romance- You Know What They Do To Guys Like Us In Prison', u'All Time Low- Jasey Rae', u'Down Low- Johnny B', u'Kaiser Chiefs- Listen To Your Head', u'Jessie J- Hero', u'Robin- Luupilla mun korvissa', u'Jamie Woon- Echoes']"
74,15,"[u'Children of Bodom- Hate Me', u'Cartel De Santa- Perros', u'Karnivool- Themata', u'Keyshia Cole- I Changed My Mind', u'Newsted- King Of The Underdogs', u'matchbox twenty- These Hard Times', u'Daddy Yankee- Tu Principe', u'Amon Tobin- Keep Your Distance', u'Lucas Arnau- Lo Siento', u'Milton Nascimento- Tudo o Que Voc\xea Podia Ser']"
75,15,"[u'Madina Lake- HERE I STAND', u'matchbox twenty- Bent', u'Genesis- Jesus He Knows Me', u'Skillet- My Obsession', u'Schandmaul- Dein Anblick', u'Duke Ellington- Mood Indigo', u'Sybreed- Challenger', u'Irma- Letter to the Lord', u'Moby- Into The Blue', u'Vitamin String Quartet- Thrift Shop (String Quartet Tribute to Macklemore & Ryan Lewis)']"
76,15,"[u'Miley Cyrus- Party In The U.S.A.', u'Daddy Yankee- Gasolina', u'Karmin- Crash Your Party', u'Seether- Like Suicide', u'Lily Allen- Him', u'Blood, Sweat & Tears- Spinning Wheel', u'The Fleetwoods- Mr. Blue', u'Hidden Orchestra- Dust', u'Five- Until The Time Is Through', u'Johnossi- For a Little While']"
77,15,"[u'Natasha Bedingfield- These Words', u'Casey Abrams- Get Out', u""The Game- Game's Pain"", u'Train- California 37', u'Alphabeat- Fascination', u'P. Diddy- Come To Me', u'Emeli Sande- Lifetime', u'Ministry- No W', u'Dennis Lisk- So und nicht anders', u'Tony Dize- Entre Los Dos']"
78,15,"[u'Ronald Jenkees- Disorganized Fun', u'blink-182- Give Me One Good Reason', u'Daft Punk- End Of Line', u'Beyonc\xe9- Standing On The Sun', u'Kelis- Good Stuff', u'Mary J. Blige- Sweet Thing', u'Lionel Richie- Love Will Conquer All', u'Nosaj Thing- Voices', u'Poets of the Fall- Seek You Out', u'Russian Red- I Hate You But I Love You']"
79,15,"[u'Shai- If I Ever Fall In Love', u'Ella Fitzgerald- Summertime', u'Hot Chelle Rae- Whatever', u'Common- Ghetto Dreams (feat. Nas)', u'Gotan Project- El Capitalismo Foraneo', u'Ima Robot.- Creeps Me Out', u'Tabu- Mam to', u'DJ Okawari- The Bonds feat. NANASE', u'Ozric Tentacles- Sploosh!', u'Franz Schubert- II. Andante con moto']"
80,15,"[u'P!nk- Stupid Girls', u'En Vogue- Free Your Mind (LP Version)', u'Linkin Park- ROADS UNTRAVELED', u'Pretty Lights- I Can See It In Your Face', u'Shantel- Disko Partizani', u'Efterklang- Modern Drift', u'Juanes- La Paga', u'Moderat- Clouded (Interlude)', u'Toro Y Moi- Studies', u'Mac Dre- Feelin Myself']"
81,15,"[u'Stevie Wonder- Superstition', u'Lil Jon- Get Low', u'Grouplove- Lovely Cup', u'Jaheim- Just In Case', u'Wisin Y Yandel- Estoy Enamorado', u'Mnemic- Liquid', u'Rizzle Kicks- Stop With The Chatter', u'Dio- One Night In The City', u'White Lion- Radar Love', u""Roger Whittaker- I Don't Believe in If Anymore""]"
82,15,"[u'John Mayer- Neon', u'Alligatoah- Prostitution', u""Mondo Marcio- Nessuna Via D'Uscita"", u""Ministry- Let's Go"", u'will.i.am- Smile Mona Lisa', u'One-T- The Magic Key', u""Hilltop Hoods- Now You're Gone"", u'Aim- The Force', u'Autechre- Arch Carrier', u'Nurses- Trying To Reach You']"
83,15,"[u'Gin Wigmore- Man Like That', u'Flipsyde- Laserbeam', u'Roy Hargrove- Strasbourg / St. Denis', u'Blackstreet- Girlfriend/Boyfriend', u""Random Rab- Elixer's Burden"", u'Wences Romo- Hombre De Hojalata', u'James Baskett- Zip-A-Dee-Doo-Dah', u'Janet Jackson- Feels So Right', u'Royce da 5\'9""- My Own Planet', u'Conan- Krull']"
84,15,"[u'The Chemical Brothers- Galvanize (Album Version)', u'Eric Church- Springsteen', u'Train- Mermaid', u'Train- Mermaid', u'Terry Jacks- Seasons In The Sun', u'Jay-Z- Change Clothes', u'Victory- Play It', u'Salvatore Adamo- Tombe La Neige', u""Bobby Womack- Nobody Wants You When You're Down And Out"", u'All Sons & Daughters- Oh How I Need You']"
85,15,"[u'Depeche Mode- Precious', u'ZZ Ward- Put The Gun Down', u'Delorean- Spirit', u'tobyMac- Steal My Show (Lyrics)', u'Glee Cast- All You Need Is Love (Glee Cast Version)', u'Attila- Unforgivable', u'Howard Jones- Everlasting Love', u'Alestorm- Swashbuckled', u'Shulman- Mia Nihta Mono Den Ftani', u'R. Kelly- Trapped In The Closet Chapter 17']"
86,15,"[u'Massive Attack- Butterfly Caught', u'Frank Sinatra- Love And Marriage', u'The Rasmus- In The Shadows (US Version)', u'The Dells- Oh What A Night', u'Chris Young- Lonely Eyes', u'Boy- Railway', u'Keith Urban- I Told You So', u'Florin Salam- Am Norocul Scris In Frunte', u'Lusine- Get the Message', u'Tex Ritter- Deck Of Cards']"
87,15,"[u'The Kills- Damned If She Do', u'The Limousines- Bedbugs', u'Thees Uhlmann- Im Sommer nach dem Krieg', u'Margaux Avril- Lunatique', u'Nina Nesbitt- Seesaw', u'Dreadzone- American Dread', u""Brothertiger- I've Been Waiting"", u'Mendez- Razor Tongue', u'Mokoomba- Nimukonda', u'Dead By Sunrise- Inside Of Me']"
88,15,"[u'Breaking Benjamin- I Will Not Bow', u'Agalloch- Our Fortress Is Burning... I', u'Asa- Fire on the Mountain', u'Hevia- Busindre Reel', u'Pink Floyd- Mudmen (2011 - Remaster)', u'Tristania- Angina', u'PJ & Duncan- Let\u2019s Get Ready To Rhumble', u""Panic! At the Disco- Folkin' Around"", u'Y\u0131ld\u0131z Tilbe- Bir Benim Ol', u'Laura Pausini- Gente']"
89,15,"[u'Roc\xedo D\xfarcal- Como Tu Mujer', u'Down With Webster- Your Man', u'Miguel Bos\xe9- Aire soy (feat. Ximena Sari\xf1ana)', u'Christina Milian- When You Look At Me', u'Tricky- For Real', u'Philip Selway- Beyond Reason', u'The Chemical Brothers- Music : Response', u'The Oscillation- Liquid Memoryman', u'N\xe2diya- Si Loin De Vous', u""Mr. Probz- I'm Right Here""]"
90,15,"[u'Justin Bieber- Boyfriend', u'Sub Focus- Torus', u'Perfume- 1mm', u'Edison Lighthouse- Love Grows (Where My Rosemary Goes)', u'Samantha Mumba- Gotta Tell You', u'Poli\xe7a- Dark Star', u'Chunk! No, Captain Chunk!- Taking Chances', u'The Carter Family- Wildwood Flower', u'Turmion K\xe4til\xf6t- Nimi Kivess\xe4', u""*NSync- Tearin' Up My Heart""]"
91,15,"[u""Raphael Saadiq- Let's Take A Walk"", u'Enigma- T.N.T. For The Brain.', u'Caf\xe9 Tacuba- El baile y el sal\xf3n', u'Bersuit Vergarabat- Esperando El Impacto', u'Billy Joel- All About Soul', u'Trentem\xf8ller- Tide (Efterklang Remix)', u'Jarvis Cocker- Slush', u'Trentem\xf8ller- Tide', u'Happoradio- Pois Kalliosta', u'Sanctus Real- Nothing Between']"
92,15,"[u'Bruno Mars- Natalie', u'Mayer Hawthorne- The Walk (Explicit)', u'Gwen Stefani- Early Winter', u'Enrique Iglesias- Experiencia Religiosa', u'Boards of Canada- Seven Forty Seven', u'The War On Drugs- Brothers', u'Liz Phair- Extraordinary', u'Joe- Worst Case Scenario', u'Luis Eduardo Aute- Al Alba', u'Craft Spells- Ramona']"
93,15,"[u""Damien Rice- The Blower's Daughter"", u'The Black Eyed Peas- Shut Up', u""Fergie- BIG GIRLS DON'T CRY"", u'Bill Callahan- Too Many Birds', u'Elvis Presley- Tutti Frutti (Remastered Version)', u'SebastiAn- Arabest', u'The Digital Age- God Of Us All', u'Kyle Park- Fit For The King', u'Groundation- Payaka Way', u'Carimi- We the Best']"
94,15,"[u'Incubus- Talk Shows On Mute', u'Ivete Sangalo- Dan\xe7ando', u'BLOUSE- Into Black', u'Lemaitre- 1:18', u'Bad Brains- I Against I', u""Augustana- I Still Ain't Over You"", u'Brazilian Girls- Lazy Lover', u'In Flames- Pinball Map', u'Bodi Bill- The Net', u'Hacride- Edification Of The Fall']"
95,15,"[u'Blondie- Heart Of Glass', u'Wolf Gang- The King and All Of His Men', u'Plastilina Mosh- Nalguita', u'Julia Holter- Horns Surrounding Me', u'Like Moths To Flames- The Worst In Me', u'Atlas Genius- Electric', u'Elvis vs JXL- A Little Less Conversation', u'Charlene Kaye- Dress and Tie (feat. Darren Criss)', u'Aes Dana- Snoflinga', u'Four Tet- Reversing']"
96,15,"[u'Aphex Twin- Xtal', u'Oh Land- Kill My Darling', u'Laura Pausini- Se fu\xe8', u'Carina Round- Do You', u'Big Daddy Weave- The Only Name (Yours Will Be)', u'Rufus Thomas- Walking the Dog', u'Lady Gaga- Heavy Metal Lover', u""Wild Nothing- This Chain Won't Break"", u'Telefon Tel Aviv- Sound In A Dark Room', u'Leonard Cohen- Alexandra Leaving']"
97,15,"[u'Mika- Lola', u'Celtic Woman- Orinoco Flow', u'Matt Nathanson- Birthday Girl', u""The Whispers- Keep On Lovin' Me"", u'Chromatics- I Want Your Love', u'Jazzanova- I Human feat. Paul Randolph', u'Mylo- Zenophile', u""Skyy- Let's Celebrate"", u'Al Jolson- My Mammy', u'Manau- Le dragueur']"
98,15,"[u'Kelis- Milkshake', u'Nelly Furtado- Spirit Indestructible', u'Milky Chance- Flashed Junk Mind', u'Juan Luis Guerra- En El Cielo No Hay Hospital', u'In-Grid- Vive Le Swing', u'Little Boots- Confusion', u'The Dandy Warhols- Every Day Should Be A Holiday', u'Thievery Corporation- Shadows of Ourselves', u'Sam Sparro- I Wish I Never Met You', u'Martin Solveig- Rocking Music']"
99,15,"[u'Britney Spears- Gimme More', u'Zaz- Comme ci, comme \xe7a', u'Rosana- A Fuego Lento', u'Tina Arena- Je M-appelle Bagdad', u""World's End Press- Reformation Age"", u'Kollektiv Turmstrasse- Schwindelig (Wanderlust Rhodes Remix)', u'Utada- Devil Inside', u'Antonello Venditti- 21 Modi Per Dirti Ti Amo', u'Kitty, Daisy and Lewis- I Got My Mojo Working', u""Son Of Dave- Ain't Nothin But The Blues""]"
100,15,"[u'Haim- Days Are Gone', u'gossip- Heavy Cross', u""The Pussycat Dolls- Don't Cha"", u'Seether- Rise Above This', u'Sia- Clap Your Hands', u""CSS- Let's Make Love And Listen To Death From Above"", u'Rudimental- Spoons', u'Braids- Fruend', u'Metro Station- Kelsey', u'Austra- Forgive Me']"
101,15,"[u'Taylor Swift- Mine', u'Oasis- Lyla', u'Anthrax- Bring The Noise', u""Queens of the Stone Age- I'm Designer"", u'Black Label Society- Bleed For Me', u'\u6d5c\u5d0e\u3042\u3086\u307f- glitter', u'The Swell Season- Back Broke', u""Matt Hires- All That's Left Is You"", u'School of Seven Bells- White Wind', u'Booka Shade- Memento']"
102,15,"[u'Taio Cruz- Break Your Heart', u'Rihanna- Hate That I Love You', u'Bob Marley- Satisfy My Soul', u""Just Jack- Writer's Block"", u'Lynyrd Skynyrd- Saturday Night Special', u""Ella Fitzgerald- It's Only A Paper Moon"", u'Uncle Lucius- Keep The Wolves Away', u'Stevie B- I Wanna Be The One', u'Taio Cruz- No Other One', u""Rick James- Dance Wit' Me""]"
103,15,"[u'Jamiroquai- Seven Days in Sunny June', u'Kasabian- Goodbye Kiss', u'Pantha Du Prince- The Splendour', u'Memory Tapes- Bicycle', u'Ladyhawke- Paris Is Burning', u'Simian- We Are Your Friends (Radio Edit)', u'Simian Mobile Disco- Cerulean', u'Classixx- Holding On', u'Sarah Vaughan- Come Rain or Come Shine (Remastered Version)', u'Niva- Dirty Water']"
104,15,"[u'Disclosure- Confess To Me', u'Yeah Yeah Yeahs- Zero', u""Diana Krall- Let's Fall In Love"", u'Snow Patrol- Hands Open', u""Aretha Franklin- Ain't No Way"", u'Joris Delacroix- Air France', u'The Human League- Never Let Me Go (Aeroplane Remix)', u'Fink- Move On Me', u'Daniel Avery- Need Electric', u'The Chain Gang of 1974- Hold On']"
105,15,"[u'Madonna- Hung Up', u'Backstreet Boys- In a World Like This', u'Rihanna- Umbrella featuring JAY-Z', u""Ola- I'm in Love"", u'Don Omar- Zumba Campaign Video', u'Cut Copy- Hearts on Fire', u'Kat DeLuna- Whine Up', u'Seether- Tonight', u'Booka Shade- In White Rooms', u'Ultra Nat\xe9- Free']"
106,15,"[u'Britney Spears- Circus', u'Pitbull- Hotel Room Service', u'Iggy Azalea- Bounce', u'Paulina Rubio- Y Yo Sigo Aqui', u'Gui Boratto- Paralelo (Solee Remix)', u'Fey- Se Lo Que Vendra', u'Pete Murray- Always A Winner', u'Pete Murray- Always A Winner', u'Amaral- Monta\xf1a Rusa', u'The Divine Comedy- I Like']"
107,15,"[u'Miranda Lambert- Kerosene', u'Julieta Venegas- Te Vi', u'Totally Enormous Extinct Dinosaurs- Trouble', u'Junior Jack- Stupidisco', u'Manu Dibango- Soul Makossa', u'H\xe5kan Hellstr\xf6m- Man m\xe5ste d\xf6 n\xe5gra g\xe5nger innan man kan leva', u'Goldfish- Take Back Tomorrow', u'Basia Bulat- Before I Knew', u'Baccara- Parlez-Vous Francais?', u'Ace of Base- Travel to Romantis']"
108,15,"[u'will.i.am- #thatPOWER', u'Iggy Azalea- Work', u'Mariah Carey- We Belong Together', u'Michael Jackson- Bad', u'Conor Maynard- Turn Around', u'The Pussycat Dolls- When I Grow Up', u'Jennifer Lopez- Papi', u""The Black Eyed Peas- Don't Stop The Party"", u""The Black Eyed Peas- Don't Stop The Party"", u""Deadmau5- Ghosts 'n' Stuff""]"
109,15,"[u'Axwell- Center of the Universe (Original Radio Edit)', u'The Temper Trap- Science Of Fear', u'Television- Friction', u'MSTRKRFT- Bounce', u""Sneaker Pimps- Spin Spin Sugar ((Armand's Dark Garage Mix))"", u'Cosmic Gate- Crushed (Mark Sixma Remix)', u'Swallow the Sun- Deadly Nightshade', u'Duck Sauce- Big Bad Wolf (Dada Life Remix)', u'Orbital- Where Is It Going?', u'VCMG- Zaat']"
110,15,"[u'Chris Brown- Turn Up The Music', u'Wynter Gordon- Dirty talk', u'Miike Snow- Paddling Out', u'Benny Benassi- SATISFACTION', u'Republica- Ready To Go', u'Daft Punk- Human After All', u'The Police- King of Pain', u'Fedde Le Grand- Put Your Hands Up For Detroit', u'Behemoth- Alas, Lord Is Upon Me', u'Pain- Dirty Woman']"
111,15,"[u'Go West- We Close Our Eyes', u'Paul Kalkbrenner- Der Buhold', u'Crystal Castles- Violent Youth', u'Arianna- Sexy People (The FIAT Song)', u'Foxy- Get Off', u'Japan- Quiet Life', u'Quicksilver Messenger Service- Pride Of Man', u'Teflon Brothers- Seksikk\xe4in j\xe4b\xe4 featuring Stig, Meiju Suvas (M\xf6tley-RMX)', u'ANORAAK- Try Me (Rac Mix)', u'Neuroticfish- Black Again']"
112,15,"[u'Eminem- Beautiful (Album Version (Explicit))', u'Frank Ocean- Pyramids (Explicit)', u'Big Mama Thornton- Hound Dog', u'Elvis Presley- Stuck On You', u'And One- Military Fashion Show', u'Ryan Paris- Dolce Vita', u'Brian McKnight- Still', u'Armin van Buuren- Forever Is Ours', u'ATB- Made Of Glass', u'Viola Wills- Gonna Get Along Without You Now']"
113,15,"[u'Christina Aguilera- Hurt', u'Coheed and Cambria- Dark Side Of Me (Official Video)', u'Martin Solveig- Hello', u'Kirko Bangz- Drank In My Cup', u'Madonna- Sorry', u'Surfer Blood- Take It Easy', u'Amanda Blank- Something Bigger, Something Better', u'Yuksek- On A Train', u'School of Seven Bells- Lafaye', u'Six60- Forever']"
114,15,"[u'Stig- Viheltelen', u""Sin\xe9ad O'Connor- Troy"", u'Andain- Summer Calling (Airwave Club Mix)', u'Florent Pagny- Chanter', u'Chris Montez- Call Me', u'Banda El Recodo- Seis Pies Abajo', u'Xiu Xiu- Hi', u'Tina Cousins- Forever', u'Whitecross- In The Kingdom', u'Blue Stahli- Disco Punks On Jolt']"
115,15,"[u'Linkin Park- The Catalyst', u'Fischerspooner- Emerge', u'Bloodhound Gang- Uhn Tiss Uhn Tiss Uhn Tiss (Album Version (Explicit))', u'Armin van Buuren- In And Out Of Love', u""Ice MC- It's A Rainy Day"", u'blink-182- When I Was Young', u'For All Those Sleeping- You Belong With Me', u'Belanova- Cada Que...', u'Capital Inicial- Depois da Meia Noite', u'Young Guns- Dearly Departed']"
116,15,"[u'Amaia Montero- Tu Mirada', u""Tracy Lawrence- Can't Break It To My Heart"", u'Hybrid- Just For Today', u'883- Gli Anni', u'Emre Ayd\u0131n- Hoscakal', u'Relient K- Forgiven', u'Pierre Bachelet- Vingt Ans', u'Lights Out Asia- The Eye of All Storms', u'Los Lobos- Will the Wolf Survive?', u'In Mourning- The Art Of A Mourning Kind']"
117,15,"[u'Bloodhound Gang- Foxtrot Uniform Charlie Kilo', u""Suicidal Tendencies- You Can't Bring Me Down"", u'Cro- Geile Welt', u'Zulu Winter- We Should Be Swimming', u'Tim Maia- O Descobridor Dos Sete Mares', u'Arnaldo Antunes- Muito Muito Pouco', u'Run Kid Run- Daylight', u'Ti\xebsto- Flight 643', u'Scuba- Three Sided Shape', u""Clubroot- 'Closure'""]"
118,15,"[u'Avenged Sevenfold- Critical Acclaim', u'Sade- Babyfather', u'Redlight- Get Out My Head', u'Senses Fail- Mi Amor', u'Celldweller- The Last Firstborn (Remixed by Klayton)', u'DJ Aligator- Kiss My B-Ass', u'Appleseed Cast- Fight Song', u'Kaay- Ni Me Gustabas Tanto', u'Television Personalities- I Know Where Syd Barrett Lives', u'Anast\xe1cia- Boom']"
119,15,"[u'Aqua- Lollipop (Candyman)', u'Elvis Presley- Love Me', u'Belanova- Paso El Tiempo', u'Clark- Springtime Epigram', u'Mr. Scruff- Honeydew', u'Sylver- Why', u'Detektivbyr\xe5n- Hus Vid Havet', u'La Uni\xf3n- Si Tu Quisieras', u'Man\xe1- Tu Me Salvaste', u'Xutos & Pontap\xe9s- M\xe3e']"
120,15,"[u'Nelly Furtado- Turn Off The Light', u'Zomboy- Game Time', u'Eisenfunk- Super Space Invaders', u'3OH!3- IMNOTYOURBOYFRIENDBABY', u'Datsik- Too Late To Say No', u'Zomby- VxV', u""Darkstar- You Don't Need A Weatherman"", u""Damnation Angels- Pride (The Warrior's Way)"", u'Kvelertak- Tordenbrak', u'Motorama- Normandy']"
121,15,"[u'ATB- Long Way Home', u'Ohrbooten- Und Tsch\xfcss!', u'Legi\xe3o Urbana- Se Fiquei Esperando Meu Amor Passar', u'Sean Lennon- Part One Of The Cowboy Trilogy', u'The Donnas- Give Me What I Want', u'The Flaming Lips- I Was Zapped By The Lucky Super Rainbow', u'Trance Allstars- Lost In Love', u""Old 97's- Broadway"", u'Martina McBride- Two More Bottles Of Wine', u'Ulf Lundell- Club Zebra']"
122,15,"[u'Planetshakers- Nothing Is Impossible', u'Typhoon- CPR / Claws Pt. 2', u'Armin van Buuren- Blue Fear', u'Jay Vaquer- Cotidiano De Um Casal Feliz', u'Alice in Videoland- Got To Go', u'Squarepusher- My Red Hot Car', u'FGFC820- Insurrection', u'Bowling for Soup- Surf Colorado', u'Alceu Valen\xe7a- Esta\xe7\xe3o da Luz', u'CMX- Kappaleina']"
123,15,"[u""Juicy J- Talkin' Bout"", u'ItaloBrothers- Moonlight Shadow', u'Billy Joel- All For Leyna', u'Blondie- Pretty Baby (2001 Digital Remaster)', u'De Eneste To- Jeg Har Ikke Lyst Til At D\xf8', u""Elk City- I Know It's Over"", u'Volov\xe1n- Lobo hombre en Par\xeds', u'Eskimo- Can You Pick Me Up?', u'Scooter- Chinese Whispers', u'Cosmic Tone- Toxic']"
124,15,"[u'Orleans- Still The One', u'Pat Boone- Speedy Gonzales', u'Barenaked Ladies- Too Little Too Late', u'Austra- The Choke', u'Katra- Beast Within', u'Omar Geles- Chao Amor', u'Pat Green- LET ME', u'David August- Forgive Me If I Bleed', u'Nick Cave & The Bad Seeds- She Fell Away', u'Samantha James- Come Through']"
125,15,"[u'Deap Vally- Bad For My Body', u""The 13th Floor Elevators- You're Gonna Miss Me"", u'Eluveitie- Calling The Rain', u'Scooter- Faster Harder Scooter', u'Amy Macdonald- Life In A Beautiful Light', u""Bizarre- My Mom's a Stoner"", u'Natalia Lafourcade- Tiempo Al Viento', u'The Acacia Strain- Nightman', u'Sinitta- Right Back Where We Started From', u'Basshunter- I Know U Know']"
126,15,"[u'C\xe9line Dion- Loved Me Back to Life', u'Selah Sue- On The Run', u'Matt Redman- Magnificent', u'Gent & Jawns- TurnUp', u'Armik- For Annette', u'La Gusana Ciega- Asimetrica', u'Sorriso Maroto- Em Suas M\xe3os', u'Space Buddha- Walk Thru Time', u'FM Attack- With You Tonight', u'Relient K- Up And Up']"
127,15,"[u'The Pigeon Detectives- I Found Out', u'Alkaline Trio- Only Love', u'Megadeth- Black Swan', u'Snow Patrol- Fallen Empires', u'Snow Patrol- Fallen Empires', u'Wild Nothing- Wait', u'Los Chiches Vallenatos- Lo Dulce de un Te Quiero', u'Milk Inc.- Wish', u'vypsan\xe1 fiXa- Cernej les', u'Aquatica- Angels']"
128,15,"[u'Crossfade- Cold', u'Man\xe1- Clavado en un bar', u'Lupe Fiasco- Go Go Gadget Flow', u'Trent Reznor and Atticus Ross- A Familiar Taste', u'Frankmusik- Map', u'Los Dynamite- Frenzy', u'Jay Rock- They Be On It', u'Reamonn- Faith', u'Ebony Bones!- Breathe', u'Violent Soho- Bombs Over Broadway']"
129,15,"[u'Sex Pistols- Liar', u'Dido- Us 2 Little Gods', u'Banda de turistas- Cada D\xeda', u'Rockabye Baby!- No Surprises', u'Dee Dee Ramone- False Alarm', u""Katchafire- Sensimillia (Pitch Black's Sensi Dub)"", u'Plies- My City', u'Mark With a K- Bad Boy Rocking', u'Enzyme X- Nightbreed', u'Steph Macpherson- Summer Salute']"
130,15,"[u'B.o.B- Ray Bands', u'Apollo 440- Stop The Rock', u'Heartless Bastards- Got To Have Rock And Roll', u'Jonathan Coulton- Dance, Soterios Johnson, Dance', u'Headhunterz- From Within', u'Skeletonwitch- My Skin of Deceit', u'Zatox- Check Out The Drop', u'Miracle Of Sound- Hammers in My Head', u'Boyzone- Gave It All Away', u'Porcupine Tree- Tinto Brass']"
131,15,"[u'MIDI LIDI- Tv\u016fj Domov', u'Rick Trevi\xf1o- Full Deck Of Cards', u'Copilul De Aur- Valoarea Mea', u'Just Off Turner- One Of Us', u'Pointed Sticks- All I Could Take', u'The Reddmen- Baby We Were Born To...', u'The Darkstylerz- The Alternative', u'Ash Pool- Ravine Is Set For A Stoning', u'The Ambrosian Singers- O Vos Omnes', u'The Startover- If You Build It...']"
132,15,"[u'Pinback- AFK', u'Juicy J- Dynamite (Instrumental)', u'Steve Stevens- Run Across Desert Sands [Instrumental LP Version]', u'Banda Lua Music- O Gago Apaixonado', u'Kluster- Face the music', u'78bpm- Another Planet', u'An Pierl\xe9- Helium Sunset', u'Vir Unis- Logan', u'Carol Sloane- Baubles, Bangles And Beads', u'Tieum- The Name Where You Are']"
133,15,"[u'Los Tucanes de Tijuana- El Tres Letras', u'Karkkiautomaatti- Hei okei m\xe4 meen', u'Mickey B.- MISS YOU', u""St. Elmo's Fire- ALWAYS"", u'Kike Gabana- Ella mi Estrella', u'Golpe- I Dont Need Meat At Monday', u""Da' Boi Boi Yg- Boss"", u'Waxmaster- Video Juke', u'Willy Chirino- Conmigo Es . . . (Duet With Ilan Chester)', u'Erico Noir- La Petite']"
134,15,"[u'Broadway Calls- Tonight Is Alive', u'Susana Baca- Los gallinazos', u'Lucky Luciano- Da Real', u'The Hackensaw Boys- Seattle', u'Erick Elera- Dile Que No Lo Quieres', u'Jelly Headz- Dead Heads', u'Lightning Strikes- Pow Wow Trail', u'Walkingseeds- Doom Patrol', u'Rebel Fury- Skit- Duke From Da Stoop (New Years Day)', u'Yes-R Darryl Sjaak Soesi B- Gangsterboys - Gangsterboys']"
135,15,"[u""Orianthi- What's It Gonna Be"", u'Hilight Tribe- Abakwa', u""You, Me, and Everyone We Know- Some Things Don't Wash Out"", u'Les Cowboys Fringants- Awikatchika\xebn', u'Mario Ranieri- Freude am Leben', u'Schelmish- Too late', u'Rocco & Bass-T- Our Generation (Back in the UK Edit)', u'Bodyrockers- New York City Girl', u'Deluka- Snapshot', u'Steve Abley- You Make Me Happy!']"
136,15,"[u'Matt & Kim- Silver Tiles', u'Incubus- Thieves', u'Green Day- The Static Age', u'Mario Kirlis- Awal Suhur', u'Inner- Myphilosophy', u""Peter Heppner- D'antan (Instrumental)"", u'Los Cafres- Tilcara', u'Kid Rock- MY OEDIPUS COMPLEX (Son Version)/(LYRICS!)', u'Pro-Pain- All Rise', u'Trio Eterno- Zarautz']"
137,15,"[u'Sasquatch- The Message', u'Stephen Stills- So Begins The Task', u'Over It- Siren On The 101 (Album Version)', u'Sweet Thing- Dance Mother (Explicit Version)', u'Fiery Blue- Wheels Up', u'Joe Weineck- Breakfast On Neptun', u'Joe Crep\xfasculo- La Segrera', u'Mike Moreno- World Of The Marionettes', u'Useless I.D.- Misconception - Urge to Ruin', u'Vyktoria Pratt Keating- Spider']"
138,15,"[u'Sparks- ANGST IN MY PANTS', u'Rhett Miller- COME AROUND (Radio Edit)', u'Jethro Tull- No Lullaby (2003 Digital Remaster)', u'Miss Caffeina- MM', u'10cc- Silly Love', u'James Yuill- Second-Hand Steinway', u'Collide- Somewhere', u""Soft Circle- Don't Know"", u'Ernest Gonzales- Run Jump Seek', u'Susi Beatty- Be Still My Breaking Heart']"
139,15,"[u'Kaya Project- One God Dub', u'Summer Twins- Worryhead', u""Sparks the Rescue- Worst Thing I've Been Cursed With"", u'Richard Marx- Straight From My Heart', u'Ofra Haza- Love Letter', u'Thunder- Love Walked In (Live)', u'Rampue- From Zero To Sixtyfour', u'Cooper- Yo S\xe9 Lo Que Te Pasa', u""Kaya Project- One God Dub (Dubsahara's Instrumental Remix)"", u'Brave Old World- Farewell']"
140,15,"[u'Keri Hilson- Pretty Girl Rock', u'Keri Hilson- Pretty Girl Rock', u'Muse- Muscle Museum', u'The Boxer Rebellion- Always', u'Flogging Molly- The Seven Deadly Sins', u'Scale the Summit- Alpenglow', u'Aaron Keyes- Sovereign Over Us', u'Bluetech- Probability Tree', u'Sonata Arctica- Abandoned, Pleased, Brainwashed, Exploited', u'Barcelona- Lesser Things']"
141,15,"[u'Jonny Craig- The Lives We Live', u'Plies- Who Hotter Than Me', u'KraftKlub- Scheissindiedisko', u'Skanna- Find Me', u'Naft- Hero changed my life', u""Violet Nine- I've Seen You Before"", u'Kutosis- Wake Up Jealousy', u'Call the Cops- So fly (Bonus B-Side)', u'Vate- Seis Segadoras Verdes', u'Love You Long Time- Save The World']"
142,15,"[u'Cherry Ghost- 4am', u'Moptop- Contram\xe3o', u'Jon Kennedy- Boom Clack', u'La Fuga- Abril', u'Sonic Boom Six- The Road To Hell Is Paved With Good Inventions', u'Alpha Blondy- Souroukou Logo', u'XTC- The Disappointed', u'Rage- Into The Light', u'The Easybeats- Hello, How Are You?', u'Courtney Pine- The Jazzstep']"
143,15,"[u'Yukon Blonde- Six Dead Tigers', u'The Cure- A Forest (Tree Mix)', u'Treat- No Way Without You', u'Foals- Gold Gold Gold', u'Story of the Year- Save One - Bonus Track', u'Lord- F\xe1zom a sz\xe9lben', u'Ponctuation- Pete Townshend', u'The Intersphere- Tear Down the Walls', u'R2Dm- Ding Dang Dong ((Future Rave Mix))', u'Doc Watson- DAYBREAK BLUES (Live)']"
144,15,"[u'Editors- Distance', u'Caf\xe9 Tacuba- Rarotonga', u'Skyforger- Black Rider', u'Delerium- Eternal Odyssey', u'Chixdiggit!- I Remember You', u'The Enemy- 1-2-3-4', u'Pato Fu- Tudo Vai Ficar Bem', u'Undertow- Art Of Falling', u'Tha Playah- The Rule Of Cool (Art Of Fighters Remix)', u'Eleven Past One- Ridin Dirty']"
145,15,"[u'Fall on Your Sword- First Release', u'Caf\xe9 Tacuba- El catr\xedn', u'Johnny Harris- Paint It Black', u'The Police- Message In A Bottle (Live In Boston / 2003 Stereo Remastered Version)', u'Hedningarna- Torget', u'Astralasia- Doctor Who', u'Andress Conde- Skull Destroyed', u'Angele Phase- Organ Chase', u'Fadt Fanfare- Capitaine feuk', u'Pandora- Popurr\xed Emmanuel ( En Vivo )']"
146,15,"[u'Rata Blanca- Guerrero del Arco Iris', u'Ill Ni\xf1o- Te Amo...I Hate You', u'Lisbeth Scott- Where', u'Sam Roberts Band- Sang Froid', u'Therapy- This Ship Is Sinking', u'London Elektricity- I Resign', u'Nick Skitz- Hardcore Angel', u'Lorenz- Ton indiff\xe9rence', u'Tr\xfcmmerwelten- Die For Your Love', u'Kliche- Bodyguards (2011 Digital Remaster)']"
147,15,"[u'Styles & Breeze- Slide Away', u'Frank Riggio- Statis Vampire', u'Test Dept- Enigma Of Doctor Dee', u""Limbeck- Limbeck - ''Why Don't You Just Leave Already? (dance remix)''"", u'Dougal & Gammer- Acid', u'Joey Sun- The Hive', u'Furi Anga- The Day My Unicorn Died', u'Tone Mr Blacktop- I Remember You (Feat. Santina)', u'Rachel Germain- Wonder', u'M.O.N.S.- La Tua Immagine']"
148,15,"[u'Trentem\xf8ller- Snowflake', u'Labyrinth- The Shooting Star', u'Skyclad- Something To Cling To', u'Banda Bassotti- Siamo guerriglia', u'Mouse On Tha Track- Hand Rub', u'Highlight Enemies- I Wanna Be Sedated', u'Antagon- Collapse', u""The Floor Is Made of Lava- Ain't Half Bad"", u'Trevor Rabin- Sphinx', u'Zain- Umea Izan Nahi Dut']"
149,15,"[u'Patrick Droney- Bring You Back', u'Traxamillion- 808 (Instrumental)', u'Battalion- Mullet Head', u'Psilodump- Muikku (Paza Rahm Remix)', u'Bori- Hey! Rock Dee Jay', u'DJ Trax- Semi Converstaional (Fanu Remix)', u""Brookoz- Una pagina (It's time)"", u'Tony Curtis- One of a Kind', u'Strawberry Fly Rockets Kohei Tsuji- The Song of Inari-Udon (chorus only) TOYOKAWA INARIUDON OFFICIAL PR SONG', u'Kevin Fox- House Is a Rocking']"
150,15,"[u'Moses Pelham- Schnaps f\xfcr alle', u'Uniting Nations- Out Of Touch (UFO Remix)', u'DJ Speedfucker- Fucking Bass Drum', u'Kuraia- Bi Aurpegi', u'I Had Plans- Guidelines', u""Shezoo- Neptunes' Sons"", u'Villem- Red Matter', u'Bluey- Tranquility', u'Hi Shelf- 2moro (Original Mix)', u'Linda Violeta Nino- Mil Mares']"
151,8,"[u'Nena- Ich bin hyperaktiv', u'Howard McGhee Quartet- Trumpet At Tempo', u""The Maharajas- Since You've Been Away"", u'Alan Sandberg- About You', u'Groove Ltd Orchestra- I Love My Label - Groove Ltd Orchestra', u'The Bleeders- The Kill', u'Nelver- Sky (Original Mix)', u'Marco Riboni- Studio n.16, in Sol minore: Allegretto']"
152,14,"[u'Zeds Dead- Rude Boy', u'Zirrosis- Sin Mas', u'Henrique Costa- Liana', u'Xc-N- Kein Signal', u'Live For Tonight- Break Hearts, Not Records', u'Andy Cooney- The Auld Christmas Waltz', u'MR. NINA ROSS- Flip Flowz', u'Ant TC1 | Survival- Wasteland', u'Employee of the Month- Current', u'Katia, Brunali- Le Mondine']"
153,8,"[u'Christine Ott- Chemin Vert', u'Calculon- Easy On The Motion', u'Max Raffeng Group- San Andres', u'Robert Earl Longley- Bandoleros (Prelude)', u'Cinematic- I Believe', u'Munna Singh- Ayodhya Nagriya Ajore', u""The Flaming Lips- SHE DON'T USE JELLY (Outro Fade)"", u'M. S. Sheela- Manasu Karuga (Raga - Hamsadhwani / Tala - Rupakam)']"
154,12,"[u'This Time Next Year- Note', u'The Glitch Mob- How To Be Eaten By A Woman - Camo UFOs Remix', u'Love Gangsters- Bad Attitude', u""The Maranatha! Singers- You're Worthy Of My Praise"", u""Chris Andrews- What'd I Say"", u'Loveloud- This Life', u'The Leather Uppers- Halfway Houseboat', u'Johann Sebastian Bach- Prelude and Fugue in E flat major, BWV 552, ""St. Anne"" : Fugue I \u2014', u'Ekstreme- Gotta Be Fresh (Feat. Jre)', u'Brian Tremblay- Model Dairy Milkman']"
155,13,"[u'Sum 41- Mr. Amsterdam (Album Version (Explicit))', u'Project X- Wood Man', u'Catacomb- Stonerose', u'Emoshin- Limited Editions (Morning Mix)', u'The Beatles- 1963', u'Navigator- Bad Minds (Instrumental Mix) (Feat. Erbndub, Tony Anthem And Smk)', u'Vinod Aggarwal Harsh- Meri Maiya Ka Nahin Hai Bakhan', u'Chino- Tunn It Up & Dunn', u'Los Vaquetones- Paquetes De Libra', u'Black Sun Empire- Forever']"
156,13,"[u'Mr Shadow- Dirty Money', u'Fly Project- Roda', u'Jacky Galou- Le chat et la souris (Version instrumentale)', u'Tracer- Shake Body (Black ver.)', u'Mr.Melody- Come Getcha Love (feat. King Lyrical)', u""Zinkin' Prim- Ser\xe1 Verdad"", u'Call it Fiction- Another Goodbye', u'Da Hol 9- Nahjae', u'Quantize- Delay Girls', u'Michael Silas- Pyar Se Pyar']"
157,4,"[u'Extreme Love- A Mighty Army', u'Robertinho Silva- Bemsha Swing', u'Nashville Pianos- Rig-A-Ma-Role-Rag', u'Melos Quartet- 1-08 Op. 18, No. 2, Mvt. IV. Allegro molto quasi Presto']"
158,7,"[u'Deli J- Dilemma', u'Duo Chanot- Violin Sonata in A major, M. 8 : IV. Allegretto poco mosso', u""Fr\xe9d\xe9rick Doiron- J'te tourne autour"", u'C. Darensbourg and B. Jupiter- Game To Inning', u""Bonnie 'N' Clyde- Saturday"", u'Rabb Of Lost Soulz- Sticky Situation', u'Various Artists- Hot Instr']"
159,3,"[u'VS- 2-Wheeler', u'Talat Aziz- Medly Of Ghazals', u'Rekharani- Muavalas Muavalas']"
160,15,"[u'Living Sacrifice- Organized Lie', u'Grupo Vida- CUANDO CUANDO', u'Akrea- Auf leisen Sohlen', u'Brigadier Jerry- Slackness Bite The Dust', u'J Bigga- Threesome', u'tripped- Cool World', u'Louis King- Here She Comes Again', u'Fama- Dos Mujeres', u'Mon Roe- Mexico', u'Wynterborne- For Granted']"
161,3,"[u""Enric Sifa- Birashoboka (It's Possible)"", u'Hyperthermia- Seven', u'Don Demyx- K\xe4is H\xe4ppi-\xc4nd']"
162,6,"[u""Saosin- IT'S FAR BETTER TO LEARN"", u'Buddy Holly- Love Me', u'Nat King Cole- Oh, Kickeroony', u'Dan\xe7a Brasil- Elevador', u'The John Entwistle Band- Billy', u'Dogg- My Introduction']"
163,3,"[u'Larsen- El payaso', u'Demis Roussos- La mer', u'Paul Hannan- Pedal Hard']"
164,5,"[u'Kabouter Plop- In Bad', u""FLY2 Project- Calcutta's Child"", u'Statedlife- Black Rock Sunrise', u'Charlesy- Hoolah Hoop', u'Roach Joka- Project Boy 4 Life (feat. Raw, Detour & Project Born)']"
165,2,"[u'Blosson- I Only Have Eyes For You', u'Jon Bremen- Happenings']"
166,11,"[u'Mokoma- Mene ja tied\xe4', u'Good Vibe Styla- Fire pon dem', u'HDM- Tango de la muerte', u'I Muvrini- Gioia', u'Sameer- Ek Anjaan Ladki', u'Unleashed Power- Cataclysm', u'MAdoppelT- Ich will', u'The Perfectos- Join Together', u'Starrats- I Wish I Was', u""El's Mystery- Harpsichord Swirl""]"
167,2,"[u'Random Hero- Bonechillers and Stonecasters', u'Gary Ramey- Another Day In Life']"
168,8,"[u'Fleshcrawl- Dark Dimension (`05 Remastered)', u'Straightaway- Had Your Chance', u'The Stone Family- I Wanna Be A Flintstone', u'Stephan Paryla- Das Marinearchiv', u'Oliver Mager- Joggerlied', u'Sx2ang dO- One Light', u'Mc Alberto- Envidia', u'Los Palmeras- Expl\xedcame']"
169,4,"[u'Blind Guardian- Journey Through The Dark (Remastered)', u'Madball- Ball Of Destruction (w/hidden track) (Album Version)', u'Bristle- Fired From Life', u'Hagai Shaham- Violin Concerto No. 3 in G Minor, Op. 99: II. Scherzo. Presto']"
170,10,"[u'Pain- Monster', u'Pain- Monster', u'Space Project- Abandoned Places', u'Watmastaz- TeknoStory', u'MBS- Syst\xe8me Primitif', u'Armageddon Turk- The Sorcerer', u'Murphy Lee- WAT DA HOOK GON BE (Clean Version)/(LYRICS!)/(CONTENT!)', u'On Ice E- Comin 4ya, I Told Ya (Double Shotz Mix Dirty)', u'Pro & Reg- Corruption', u'Sonorous Star- This Dark Heaven']"
171,1,[u'Omar Santana- Step Da Fuk Back - Oh-Mega Remix']
172,13,"[u'Nurses- So Sweet', u'Silvertung- Slow Me Down', u'Lisa M- Pa La Calle (Clean Version)', u""Guido Lembo- Napoli e'"", u'Bernie Perez- Mal Vicio', u'Imani- Roots', u""The Eerie Alien- In Memory Of Spacedog O'Riley"", u'Zenith, Dj Nadir- Redenci\xf3n', u'Brian McGuire- The Nieghborhood', u'Nirvana- RETURN OF THE RAT (Outcesticide)']"
173,1,[u'Jaswant Sandeela - Parminder Sandhu- Lahinga-Lahinga-Lahinga']
174,3,"[u'Pillar- SUNDAY BLOODY SUNDAY', u'Rey Pirin- Alabalo', u'S\xe1loa Farah- I Wish']"
175,3,"[u'Julio Castej\xf3n- Salvation', u""Apokalyptic Raids- Victim O'velocity"", u'Bodega Bodega- TODO LO QUE TENGO LO DOY']"
176,9,"[u""D.O.A.- Don't Bank On A Bank"", u'Lord and Master- Jealousy', u'The Wake- Watchtower (Re-mix 2.2 wHATEver)', u'Seo Ga In- Already', u'Vikash Kumar- Je Hota Chhori Main Dhanwan Original', u'Djnoice No Chaser- Ovaload & Xplode', u'CM aka Creative- All Over The World (Featuring J-Absolute & Doc Becket)', u'Dippa Sat-Rang- Nakhro', u'Tha Clairemonstaz- Rollin Puffin (feat. C Los)']"
177,1,[u'None More Black- Gary Page One in Pink']
178,4,"[u'Bittar Sweet- Shine Prelude (Skit)', u'Portmanteau- Full Size Preparation', u'Vinay Bihari- Dheere Dheere Daal', u'Widespread Bloodshed- Computer Jugend']"
179,0,[]
180,11,"[u'The Polish Ambassador- Finding Torst', u'Al Core- Dreams of Nightmare', u'Alex Cundari- The Last Prison', u'Egbert; tr / Portugall, Wolfgang Lewark- Concerto in d-dur (G.9)', u'Asdruval- ME FALTA TODO', u'Version- Solaire', u""Cardiak- On fait pas d'drogue ici"", u'Surendra Bachan- Captain Kurhi Kabaddi Di', u'Boiler Room- DO IT AGAIN (Extra Ass Kicking Mix)', u'El Biles- Siento']"
181,4,"[u'Pandit Jasraj- Raga Darbari Kanhada', u'Hybrid Children- God In The City', u'Meena Patel- Vage Bhadaka Bhari Bhajanna', u'Bhai Nirmal Singh Ji- Mann Jyoti Swarup Hai']"
182,2,"[u'Emaar- Paradise', u'Jasvir Mehram- Sandhuri Chunni Waliye']"
183,4,"[u'Klamydia- Svedunautti mustalla aukolla', u'No Blindfold- Up In The Sky', u'UFO- This Is Love', u'Narasimha Nayak- Bhaktharige Bhagya Needo']"
184,4,"[u'Shafqat Amanat Ali- Rang Le', u'Julia Hart- Stranger', u'Mark Campbell- Hammerhead', u'Ay\u015fe Mine- Uslanm\u0131yorsun']"
185,3,"[u'Imagika- Your Creator', u'Clearview 77- Absent Company', u'Hella Vader- Slew Gin Fuzz']"
186,2,"[u'Turbostaat- U-Boot Man\xf6ver', u'The Gamits- Beach Boy']"
187,2,"[u'Benjamin Oleinikov- Temp\xeate De Neige', u'The Eternal- Voices']"
188,1,[u'BeauSoleil- Madame Bozo']
189,0,[]
190,1,[u'Abandoned- The Oncoming Storm']
191,0,[]
192,5,"[u'Baxter Dury- Baxter Dury Spotify Playlist 2.2', u'Phoenyx- Jhuki Jhuki Si Nazar', u'Ordnance- due process', u'Jefferson Fox- Shallow Grave', u'Magicks- Nap-time! [terra]']"
193,0,[]
194,1,[u'Rogue Audio- Future Sound Of Pornography']
195,1,[u'Virtue Reality- It Aint Easy (Feat. Queen)']
196,2,"[u'Samba- Rakete', u'Wrekking Machine- Me Myself & I']"
197,1,[u'Bocca- Tiger On The Moon']
198,0,[]
199,0,[]
200,8,"[u'Aboroth- The Other Side Of Life', u'The Supervisors- Letters', u'Textural Being- Unrequited', u'Garry Judd- A Homecoming', u'Karuna- We Are Whole Part 2', u'Erik W\xf8llo- Wavesong', u'Lezet- footloose', u'Stefano Dall- Vieni Via Con Me']"
201,0,[]
202,2,"[u'Dragana Mirkovic- Evo Dobro Sam', u'The Razzels- The First Time']"
203,2,"[u'Suicide Silence- Human Violence', u'Random Order- Forbidden Knowledge']"
204,2,"[u'aerphax- Aerphax_toxitan_city_section004', u'Party House- The Evening (Grant Cutler Remix)']"
205,1,[u'Oliver Rohrbeck- O. Henry / Das letzte Blatt / Teil 3']
206,0,[]
207,1,[u'Pulsion- Obscen']
208,2,"[u'Tarekith- Movement 4', u'Teca calazans- Chiclete Com Banana']"
209,0,[]
210,2,"[u'Los Impagaos- Dieguito El Malo', u'Krump Academy- The Dance Beast']"
211,0,[]
212,0,[]
213,0,[]
214,1,"[u""Richard Roberts- The Horsemen's Song""]"
215,0,[]
216,0,[]
217,0,[]
218,1,[u'Joe Brown- You Were Everywhere']
219,0,[]
220,2,"[u'Frederic I Vidal- 20', u'J J Bergan & Jerry McPhail- Suite IV for harpsichord in D minor, Allemande']"
221,0,[]
222,1,[u'Ribbons and Waves- Meditation Drone in A']
223,0,[]
224,1,[u'Pandit Ram Avtar Sharma- Tera Mandir Chhota Pad Gaya Baba Original']
225,0,[]
226,3,"[u'Lance Starr- 246-bpm 2-beat Click', u'Modi- Shates\xe8', u'Valeria Karter- Blue']"
227,0,[]
228,0,[]
229,0,[]
230,0,[]
231,0,[]
232,0,[]
233,0,[]
234,0,[]
235,1,"[u'Lezet- Depressed, Saturated, Walled']"
236,0,[]
237,0,[]
238,0,[]
239,0,[]
240,0,[]
241,0,[]
242,0,[]
243,0,[]
244,0,[]
245,0,[]
246,0,[]
247,0,[]
248,0,[]
249,0,[]
250,0,[]
251,0,[]
252,0,[]
253,0,[]
254,0,[]
255,0,[]
256,0,[]
257,0,[]
258,0,[]
259,0,[]
260,0,[]
261,0,[]
262,0,[]
263,0,[]
264,0,[]
265,0,[]
266,0,[]
267,0,[]
268,0,[]
269,0,[]
270,0,[]
271,0,[]
272,0,[]
273,0,[]
274,0,[]
275,0,[]
276,0,[]
277,0,[]
278,0,[]
279,0,[]
